{
  "frame_filenames": [
    "frame_00.jpeg",
    "frame_01.jpeg",
    "frame_02.jpeg"
  ],
  "mask_filenames": [
    "mask_00.png",
    "mask_01.png",
    "mask_02.png"
  ],
  "normalized_cam_positions": [
    [
      -0.9644950032234192,
      -0.26396042108535767,
      0.008616020902991295
    ],
    [
      -0.24292267858982086,
      -0.9699831604957581,
      -0.011008045636117458
    ],
    [
      0.10350214689970016,
      -0.9944944977760315,
      0.016367873176932335
    ]
  ],
  "cam_dists": [
    13.771974563598633,
    15.526809692382812,
    17.076976776123047
  ],
  "cam_fovs": [
    18.865224838256836,
    17.070009231567383,
    15.022405624389648
  ],
  "object_lwh": [
    4.234038352966309,
    1.8974227905273438,
    1.6051136255264282
  ]
}