{
  "frame_filenames": [
    "frame_00.jpeg"
  ],
  "mask_filenames": [
    "mask_00.png"
  ],
  "normalized_cam_positions": [
    [
      0.956911563873291,
      -0.2902844548225403,
      0.007434932980686426
    ]
  ],
  "cam_dists": [
    35.413326263427734
  ],
  "cam_fovs": [
    3.4282283782958984
  ],
  "object_lwh": [
    0.6175913214683533,
    0.640920877456665,
    1.7356526851654053
  ]
}