{
  "frame_filenames": [
    "frame_00.jpeg",
    "frame_01.jpeg"
  ],
  "mask_filenames": [
    "mask_00.png",
    "mask_01.png"
  ],
  "normalized_cam_positions": [
    [
      -0.7766072750091553,
      0.626541793346405,
      0.06577630341053009
    ],
    [
      -0.9496840834617615,
      0.3124675154685974,
      0.021545836701989174
    ]
  ],
  "cam_dists": [
    12.477715492248535,
    9.227741241455078
  ],
  "cam_fovs": [
    9.49914264678955,
    12.862693786621094
  ],
  "object_lwh": [
    0.46066179871559143,
    0.5957229733467102,
    1.716147541999817
  ]
}