{
  "frame_filenames": [
    "frame_00.jpeg",
    "frame_01.jpeg"
  ],
  "mask_filenames": [
    "mask_00.png",
    "mask_01.png"
  ],
  "normalized_cam_positions": [
    [
      0.5131235718727112,
      -0.8581494092941284,
      0.016847126185894012
    ],
    [
      0.19843769073486328,
      -0.9794365763664246,
      -0.036421891301870346
    ]
  ],
  "cam_dists": [
    10.39438247680664,
    7.975874423980713
  ],
  "cam_fovs": [
    12.623659133911133,
    16.700347900390625
  ],
  "object_lwh": [
    0.6295887231826782,
    0.6932557821273804,
    1.9113099575042725
  ]
}