{
  "frame_filenames": [
    "frame_00.jpeg"
  ],
  "mask_filenames": [
    "mask_00.png"
  ],
  "normalized_cam_positions": [
    [
      -0.8176977038383484,
      -0.5752766728401184,
      -0.020667623728513718
    ]
  ],
  "cam_dists": [
    9.495081901550293
  ],
  "cam_fovs": [
    43.5798454284668
  ],
  "object_lwh": [
    5.756666660308838,
    2.249389410018921,
    1.8799575567245483
  ]
}