{
  "frame_filenames": [
    "frame_00.jpeg"
  ],
  "mask_filenames": [
    "mask_00.png"
  ],
  "normalized_cam_positions": [
    [
      -0.5084891319274902,
      -0.8606107234954834,
      -0.028070591390132904
    ]
  ],
  "cam_dists": [
    6.177900791168213
  ],
  "cam_fovs": [
    64.35765075683594
  ],
  "object_lwh": [
    5.756666660308838,
    2.249389410018921,
    1.8799575567245483
  ]
}