{
  "frame_filenames": [
    "frame_00.jpeg",
    "frame_01.jpeg"
  ],
  "mask_filenames": [
    "mask_00.png",
    "mask_01.png"
  ],
  "normalized_cam_positions": [
    [
      -0.22412683069705963,
      0.9744564294815063,
      0.014206647872924805
    ],
    [
      0.9927517771720886,
      0.119231216609478,
      0.015092494897544384
    ]
  ],
  "cam_dists": [
    39.28963851928711,
    33.012935638427734
  ],
  "cam_fovs": [
    3.110269069671631,
    3.703779697418213
  ],
  "object_lwh": [
    0.6175913214683533,
    0.640920877456665,
    1.7356526851654053
  ]
}