{
  "frame_filenames": [
    "frame_00.jpeg",
    "frame_01.jpeg"
  ],
  "mask_filenames": [
    "mask_00.png",
    "mask_01.png"
  ],
  "normalized_cam_positions": [
    [
      -0.4823620915412903,
      -0.8748977184295654,
      -0.043369751423597336
    ],
    [
      0.7757944464683533,
      -0.6308671236038208,
      0.01223492156714201
    ]
  ],
  "cam_dists": [
    7.153538703918457,
    14.116246223449707
  ],
  "cam_fovs": [
    18.68092918395996,
    9.305667877197266
  ],
  "object_lwh": [
    0.6295887231826782,
    0.6932557821273804,
    1.9113099575042725
  ]
}