{
  "frame_filenames": [
    "frame_00.jpeg",
    "frame_01.jpeg",
    "frame_02.jpeg"
  ],
  "mask_filenames": [
    "mask_00.png",
    "mask_01.png",
    "mask_02.png"
  ],
  "normalized_cam_positions": [
    [
      -0.4999929368495941,
      -0.8659902215003967,
      -0.0082482248544693
    ],
    [
      -0.7498584389686584,
      -0.6615617275238037,
      0.006958835292607546
    ],
    [
      0.5460336804389954,
      -0.8377307057380676,
      -0.00737769016996026
    ]
  ],
  "cam_dists": [
    13.908987045288086,
    12.91316032409668,
    30.353700637817383
  ],
  "cam_fovs": [
    18.91594123840332,
    19.433135986328125,
    8.417232513427734
  ],
  "object_lwh": [
    4.234038352966309,
    1.8974227905273438,
    1.6051136255264282
  ]
}