{
  "frame_filenames": [
    "frame_00.jpeg",
    "frame_01.jpeg",
    "frame_02.jpeg"
  ],
  "mask_filenames": [
    "mask_00.png",
    "mask_01.png",
    "mask_02.png"
  ],
  "normalized_cam_positions": [
    [
      -0.9303702712059021,
      -0.36650392413139343,
      0.00927697867155075
    ],
    [
      -0.9996432065963745,
      0.021966461092233658,
      0.015199254266917706
    ],
    [
      -0.7743543386459351,
      -0.6327463984489441,
      0.0027059356216341257
    ]
  ],
  "cam_dists": [
    9.625070571899414,
    8.814638137817383,
    13.132640838623047
  ],
  "cam_fovs": [
    12.327686309814453,
    13.463066101074219,
    9.144335746765137
  ],
  "object_lwh": [
    0.46066179871559143,
    0.5957229733467102,
    1.716147541999817
  ]
}