{
  "frame_filenames": [
    "frame_00.jpeg",
    "frame_01.jpeg"
  ],
  "mask_filenames": [
    "mask_00.png",
    "mask_01.png"
  ],
  "normalized_cam_positions": [
    [
      0.7879411578178406,
      -0.6146053671836853,
      0.03753554821014404
    ],
    [
      0.9756210446357727,
      0.2179754078388214,
      0.025501083582639694
    ]
  ],
  "cam_dists": [
    13.207717895507812,
    14.191758155822754
  ],
  "cam_fovs": [
    23.153751373291016,
    20.309551239013672
  ],
  "object_lwh": [
    4.4675116539001465,
    1.8167073726654053,
    1.4311105012893677
  ]
}