{
  "frame_filenames": [
    "frame_00.jpeg",
    "frame_01.jpeg",
    "frame_02.jpeg"
  ],
  "mask_filenames": [
    "mask_00.png",
    "mask_01.png",
    "mask_02.png"
  ],
  "normalized_cam_positions": [
    [
      0.5745583176612854,
      -0.8165608048439026,
      0.05577839910984039
    ],
    [
      0.8321734666824341,
      0.554263710975647,
      0.016702009364962578
    ],
    [
      0.12365131080150604,
      -0.9922246932983398,
      0.01415566448122263
    ]
  ],
  "cam_dists": [
    15.150893211364746,
    18.048377990722656,
    25.64974594116211
  ],
  "cam_fovs": [
    20.33041763305664,
    17.568607330322266,
    10.932202339172363
  ],
  "object_lwh": [
    4.4675116539001465,
    1.8167073726654053,
    1.4311105012893677
  ]
}